<?xml version="1.0" encoding="utf-8" ?>
<dwsync>
<file name="fusion.cfc" server="exim-cs02//opt/htdocs/www.exim.gov/" local="130065549724183153" remote="130065550140000000" />
<file name="init.cfc" server="exim-cs02//opt/htdocs/www.exim.gov/" local="130054196960811381" remote="130054196960000000" />
<file name="congmap.cfc" server="exim-cs02//opt/htdocs/www.exim.gov/" local="130065395104474544" remote="130065395520000000" />
<file name="Governors.cfc" server="exim-cs02//opt/htdocs/www.exim.gov/" local="130033554350000000" remote="130033554350000000" />
<file name="Legislators.cfc" server="exim-cs02//opt/htdocs/www.exim.gov/" local="130033554270000000" remote="130033554270000000" />
<file name="exporters.cfc" server="exim-cs02//opt/htdocs/www.exim.gov/" local="130059444010000000" remote="130059444010000000" />
<file name="expJSON.cfc" server="exim-cs02//opt/htdocs/www.exim.gov/" local="130063663679903590" remote="130063664010000000" />
<file name="cache.cfc" server="exim-cs02//opt/htdocs/www.exim.gov/" local="130063847382090265" remote="130063847720000000" />
<file name="expJSON2.cfc" server="exim-cs02//opt/htdocs/www.exim.gov/" local="130058702850000000" remote="130058702850000000" />
</dwsync>