<?xml version="1.0" encoding="utf-8" ?>
<dwsync>
<file name=".DS_Store" server="exim-cs02//opt/htdocs/www.exim.gov/" local="129999811070000000" remote="129999811070000000" />
<file name="common.js" server="exim-cs02//opt/htdocs/www.exim.gov/" local="130055098327187063" remote="130055098330000000" />
<file name="ie8-polyfills.js" server="exim-cs02//opt/htdocs/www.exim.gov/" local="130011864170000000" remote="130011864170000000" />
<file name="jquery.plugins.js" server="exim-cs02//opt/htdocs/www.exim.gov/" local="129999811070000000" remote="129999811070000000" />
<file name="jquery.tablesorter.pager.js" server="exim-cs02//opt/htdocs/www.exim.gov/" local="130004978410000000" remote="130004978410000000" />
<file name="jquery.dataTables.js" server="exim-cs02//opt/htdocs/www.exim.gov/" local="130058711069785049" remote="130058711220000000" />
<file name="MapStyles.js" server="exim-cs02//opt/htdocs/www.exim.gov/" local="130051544197497841" remote="130051544190000000" />
<file name="browser-all.js" server="exim-cs02//opt/htdocs/www.exim.gov/" local="130041499180000000" remote="130041499180000000" />
<file name="func.js" server="exim-cs02//opt/htdocs/www.exim.gov/" local="130055098525464334" remote="130055098520000000" />
</dwsync>