<?xml version="1.0" encoding="utf-8" ?>
<dwsync>
<file name="us_map.cfm" server="exim-cs02//opt/htdocs/www.exim.gov/" local="130065391427208663" remote="130065391850000000" />
<file name="index.cfm" server="exim-cs02//opt/htdocs/www.exim.gov/" local="130044752559047667" remote="130044752560000000" />
<file name="state_map.cfm" server="exim-cs02//opt/htdocs/www.exim.gov/" local="130063657730000000" remote="130063657730000000" />
<file name="homepage_map.cfm" server="exim-cs02//opt/htdocs/www.exim.gov/" local="130063819776663224" remote="130063820110000000" />
<file name="init.xml" server="exim-cs02//opt/htdocs/www.exim.gov/" local="130057905150000000" remote="130057905150000000" />
<file name="us_map_text.cfm" server="exim-cs02//opt/htdocs/www.exim.gov/" local="130059449256940710" remote="130059449380000000" />
<file name="init.cfm" server="exim-cs02//opt/htdocs/www.exim.gov/" local="130064727788773286" remote="130064728160000000" />
<file name="district_map.cfm" server="exim-cs02//opt/htdocs/www.exim.gov/" local="130063706885230631" remote="130063707210000000" />
<file name="show-legislators.cfm" server="exim-cs02//opt/htdocs/www.exim.gov/" local="130034452680000000" remote="130034452680000000" />
<file name="us_terr_map.cfm" server="exim-cs02//opt/htdocs/www.exim.gov/" local="130059485212682223" remote="130059485360000000" />
<file name="Application.cfm" server="exim-cs02//opt/htdocs/www.exim.gov/" local="130058054109242239" remote="130058054160000000" />
<file name="StreetView.cfm" server="exim-cs02//opt/htdocs/www.exim.gov/" local="130035284010000000" remote="130035284010000000" />
<file name="buildCache.cfm" server="exim-cs02//opt/htdocs/www.exim.gov/" local="130065395844373058" remote="130065396250000000" />
<file name="buildCacheHome.cfm" server="exim-cs02//opt/htdocs/www.exim.gov/" local="130058016810000000" remote="130058016810000000" />
</dwsync>