<?xml version="1.0" encoding="utf-8" ?>
<dwsync>
<file name=".DS_Store" server="exim-cs02//opt/htdocs/www.exim.gov/" local="129999811000000000" remote="129999811000000000" />
<file name="checkbox-desktop.png" server="exim-cs02//opt/htdocs/www.exim.gov/" local="129999811000000000" remote="129999811000000000" />
<file name="checkbox-desktop.psd" server="exim-cs02//opt/htdocs/www.exim.gov/" local="129999811010000000" remote="129999811010000000" />
<file name="checkbox-touch.png" server="exim-cs02//opt/htdocs/www.exim.gov/" local="129999811010000000" remote="129999811010000000" />
<file name="checkbox-touch.psd" server="exim-cs02//opt/htdocs/www.exim.gov/" local="129999811020000000" remote="129999811020000000" />
<file name="CongMapHomePlaceholder.jpg" server="exim-cs02//opt/htdocs/www.exim.gov/" local="129999811040000000" remote="129999811040000000" />
<file name="CongMapLangingPlaceholder.jpg" server="exim-cs02//opt/htdocs/www.exim.gov/" local="129999811040000000" remote="129999811040000000" />
<file name="down-button-sprite.png" server="exim-cs02//opt/htdocs/www.exim.gov/" local="129999811040000000" remote="129999811040000000" />
<file name="logo2.png" server="exim-cs02//opt/htdocs/www.exim.gov/" local="129999811050000000" remote="129999811050000000" />
<file name="map-breadcrumb-bg.png" server="exim-cs02//opt/htdocs/www.exim.gov/" local="129999811050000000" remote="129999811050000000" />
<file name="placeholder-alaska.jpg" server="exim-cs02//opt/htdocs/www.exim.gov/" local="129999811050000000" remote="129999811050000000" />
<file name="placeholder-guam.jpg" server="exim-cs02//opt/htdocs/www.exim.gov/" local="129999811050000000" remote="129999811050000000" />
<file name="placeholder-hawaii.jpg" server="exim-cs02//opt/htdocs/www.exim.gov/" local="129999811050000000" remote="129999811050000000" />
<file name="placeholder-mariana.jpg" server="exim-cs02//opt/htdocs/www.exim.gov/" local="129999811060000000" remote="129999811060000000" />
<file name="placeholder-outlying.jpg" server="exim-cs02//opt/htdocs/www.exim.gov/" local="129999811060000000" remote="129999811060000000" />
<file name="placeholder-rico.jpg" server="exim-cs02//opt/htdocs/www.exim.gov/" local="129999811060000000" remote="129999811060000000" />
<file name="placeholder-samoa.jpg" server="exim-cs02//opt/htdocs/www.exim.gov/" local="129999811060000000" remote="129999811060000000" />
<file name="placeholder-virgin.jpg" server="exim-cs02//opt/htdocs/www.exim.gov/" local="129999811060000000" remote="129999811060000000" />
<file name="range-sprite.png" server="exim-cs02//opt/htdocs/www.exim.gov/" local="129999811060000000" remote="129999811060000000" />
<file name="flag-sprite.png" server="exim-cs02//opt/htdocs/www.exim.gov/" local="129999811040000000" remote="129999811040000000" />
<file name="placeholder-district.jpg" server="exim-cs02//opt/htdocs/www.exim.gov/" local="129999811050000000" remote="129999811050000000" />
<file name="placeholder-idaho.jpg" server="exim-cs02//opt/htdocs/www.exim.gov/" local="129999811050000000" remote="129999811050000000" />
<file name="placeholder-ohio.jpg" server="exim-cs02//opt/htdocs/www.exim.gov/" local="129999811060000000" remote="129999811060000000" />
<file name="repeat-shadow.png" server="exim-cs02//opt/htdocs/www.exim.gov/" local="129999811060000000" remote="129999811060000000" />
<file name="loading.gif" server="exim-cs02//opt/htdocs/www.exim.gov/" local="130004029830000000" remote="130004029830000000" />
<file name="first.png" server="exim-cs02//opt/htdocs/www.exim.gov/" local="130004977220000000" remote="130004977220000000" />
<file name="last.png" server="exim-cs02//opt/htdocs/www.exim.gov/" local="130004977220000000" remote="130004977220000000" />
<file name="next.png" server="exim-cs02//opt/htdocs/www.exim.gov/" local="130004977220000000" remote="130004977220000000" />
<file name="prev.png" server="exim-cs02//opt/htdocs/www.exim.gov/" local="130004977220000000" remote="130004977220000000" />
<file name="map_marker.psd" server="exim-cs02//opt/htdocs/www.exim.gov/" local="130023927220000000" remote="130023927220000000" />
<file name="marker_yellow.png" server="exim-cs02//opt/htdocs/www.exim.gov/" local="130023927220000000" remote="130023927220000000" />
<file name="blue-legend-1.png" server="exim-cs02//opt/htdocs/www.exim.gov/" local="130033451030000000" remote="130033451030000000" />
<file name="blue-legend-2.png" server="exim-cs02//opt/htdocs/www.exim.gov/" local="130033451030000000" remote="130033451030000000" />
<file name="blue-legend-3.png" server="exim-cs02//opt/htdocs/www.exim.gov/" local="130033451030000000" remote="130033451030000000" />
<file name="blue-legend-4.png" server="exim-cs02//opt/htdocs/www.exim.gov/" local="130033451030000000" remote="130033451030000000" />
<file name="placeholder-anonymous.jpg" server="exim-cs02//opt/htdocs/www.exim.gov/" local="130034440710000000" remote="130034440710000000" />
<file name="trimask.png" server="exim-cs02//opt/htdocs/www.exim.gov/" local="130050726284718043" remote="130050726340000000" />
<file name="trishade.png" server="exim-cs02//opt/htdocs/www.exim.gov/" local="130050726284874047" remote="130050726340000000" />
<file name="map_load.gif" server="exim-cs02//opt/htdocs/www.exim.gov/" local="130051550416666857" remote="130051550450000000" />
<file name="red-dot.png" server="exim-cs02//opt/htdocs/www.exim.gov/" local="130051757292178152" remote="130051762820000000" />
<file name="small_red.png" server="exim-cs02//opt/htdocs/www.exim.gov/" local="130051656539230019" remote="130051656820000000" />
</dwsync>